<?xml version="1.0"?>
<?xml-stylesheet type="text/xsl" href="note.xsl"?>
<notes>
    <note>
        <to>Tove</to>
        <from>Jani</from> 
        <heading>Reminder</heading>
        <body>Don't forget me this weekend!</body>
        <ps>Have a good day</ps>
        <date>
            <day>23</day>
            <month>02</month>
            <year>2019</year>
        </date>

    </note>

    <note>
        <to>Tove</to>
        <from>Jani</from> 
        <heading>Reminder</heading>
        <body>Don't forget me this weekend!</body>
        <ps>Have a good day</ps>
        <date>
            <day>23</day>
            <month>02</month>
            <year>2014</year>
        </date>

    </note>

    <note>
        <to>Tove</to>
        <from>Jani</from> 
        <heading>Reminder</heading>
        <body>Don't forget me this weekend!</body>
        <ps>Have a good day</ps>
        <date>
            <day>25</day>
            <month>02</month>
            <year>2019</year>
        </date>

    </note>
</notes>