<procedure>
	<title>How to bathe a cat</title>
	<overview>This procedure tells you how to bathe a cat.</overview>
	<warning>Cats don't like to take baths. You could get hurt doing this. Be sure to obtain all the required protective gear before you start. </warning>
	<equipment>
		<item>Hockey mask </item>
		<item>Padded full-body kevlar armor</item>
		<item>Tub full of warm water</item>
		<item>Towels </item>
		<item>First aid kit</item>&#xA;
		<item>Cat shampoo</item> <br/>
	</equipment>
	<instructions> 
		<step>Locate the cat, who by now is hiding under the bed.</step>
		<step>Place the cat in the tub of water.</step> 
		<step>Using the first aid kit, repair the damage to your head and arms.</step> 
		<step>Place the cat back in the tub and hold it down.</step> 
		<step>Wash it really fast, then make an effort to dry it with the towels.</step> 
		<step>Decide not to do this again. </step> 
	</instructions>
</procedure>
