<?xml version="1.0" encoding="UTF-8"?>

<order orderid="889923" xmlns:xsi="http://www.w3.org/2001/XMLSchema-instance" xsi:schemaLocation="order.xsd">

  <person>John Smith</person>
  <shipto>
    <name>Ola Nordmann</name>
    <address>Langgt 23</address>
    <city>4000 Stavanger</city>
    <country>Norway</country>
  </shipto>
  <item>
  <name>Item 1</name>
    <title>Empire Burlesque</title>
    <id>001</id>
    <note>Special Edition</note>
    <quantity>1</quantity>
    <price>10.90</price>
  </item>
  <item>
  <name>Item 2</name>
    <title>Hide your heart</title>
    <id>002</id>
    <quantity>2</quantity>
    <price>9.90</price>
  </item>
</order>