<?xml version="1.0"?>
<invoice xmlns="http://www.dit.ie"
 		 xmlns:xsi="http://www.w3.org/2001/XMLSchema-instance" 	
		 xsi:schemaLocation="http://www.dit.ie invoice.xsd">
	
	<invoicenumber>101</invoicenumber>
	<invoicedate>22/01/2019</invoicedate>
	<invoicetotal>110.96</invoicetotal>
	<issuedby>
		<name>Paul</name>
		<address>22 Summer Road</address>
		<bank>
				<name>AIB</name>
				<sortcode>220022</sortcode>
				<accnumber>12344321</accnumber>
				<address>1 Spire Road</address>
		</bank>
	</issuedby>

	
	<billto>
		<name>Gabriel</name>
		<address>22 Summer Road</address>
		<bank>
				<name>AIB</name>
				<sortcode>220022</sortcode>
				<accnumber>12344321</accnumber>
				<address>1 Spire Road</address>
		</bank>
	</billto>
	
		
	<items>
		<item>
			<id>6743</id>
			<name>T-shirt</name>
			<quatity>3</quatity>
			<price>22.99</price>
			<description>Very good quality</description>
		</item>

		<item>
			<id>6743</id>
			<name>Teddy Bear</name>
			<quatity>1</quatity>
			<price>29.99</price>
			<description>Kids adore it</description>
		</item>		
		
	</items>
	
</invoice>