<shipment>
   <parties>
      <consignee>
         <name>John Smith</name>
         <address>
            <address_line_1>Unit 41 RFC Business Park</address_line_1>
            <city>St. Davids</city>
            <country>Wales</country>
         </address>
      </consignee>
      <bill_to>
         <name>Jane Doe</name>
         <address>
            <address_line_1>152 Rich Street</address_line_1>
            <city>Cardiff</city>
            <country>Wales</country>
         </address>
      </bill_to>
   </parties>
   <order_info>
      <order_number>335621</order_number>
      <order_date>2019-03-12</order_date>
      <billing_currency>Euro</billing_currency>
      <number_item_lines>3</number_item_lines>
   </order_info>
   <items>
      <item>
         <product_number>018</product_number>
         <product_description>Kit Big (Large)</product_description>
         <price>19.99</price>
         <quantity>50</quantity>
         <extra_info>Custom logo</extra_info>
      </item>
      <item>
         <product_number>032</product_number>
         <product_description>Half Zip Sports Top (Medium)</product_description>
         <price>12.30</price>
         <quantity>55</quantity>
         <extra_info>Custom logo</extra_info>
      </item>
      <item>
         <product_number>003</product_number>
         <product_description>Polo Top (Medium)</product_description>
         <price>9.99</price>
         <quantity>55</quantity>
         <extra_info/>
      </item>
   </items>
   <payment_info>30 days</payment_info>
   <incoterms>CIF</incoterms>
   <total_shipment_weight>58.9</total_shipment_weight>
   <weight_uom>KG</weight_uom>
   <total_value>42.28</total_value>
</shipment>