<html>
<head>
<META http-equiv="Content-Type" content="text/html; charset=UTF-8">
<title>Grade Report</title>
</head>
<body>
<h1>A</h1>
	
	
	
	Number of students receiving  grade: <b>3</b>
<br>
	Percentage of students receiving grade: <b>37.5%</b>
<br>
<p></p>
<h1>B</h1>
	
	
	
	Number of students receiving  grade: <b>4</b>
<br>
	Percentage of students receiving grade: <b>50%</b>
<br>
<p></p>
<h1>C</h1>
	
	
	
	Number of students receiving  grade: <b>1</b>
<br>
	Percentage of students receiving grade: <b>12.5%</b>
<br>
<p></p>
</body>
</html>