<?xml version="1.0" encoding="ISO-8859-1"?>

<order orderid="335621" xmlns:xsi="http://www.w3.org/2001/XMLSchema-instance" xsi:schemaLocation="order.xsd">

  <date>2019-03-12</date>
  <currency>Euro</currency>
  <payment_terms>30 days</payment_terms>
  <incoterms>CIF</incoterms>
  <weight_uom>KG</weight_uom>
  <shipto>
    <name>John Smith</name>
    <address>Unit 41 RFC Business Park</address>
    <city>St. Davids</city>
    <country>Wales</country>
  </shipto>
  <billto>
    <name>Jane Doe</name>
    <address>152 Rich Street</address>
    <city>Cardiff</city>
    <country>Wales</country>
  </billto>
  <item>
    <name>Kit Big (Large)</name>
    <product_id>018</product_id>
    <note>Custom logo</note>
    <quantity>50</quantity>
    <price>19.99</price>
	<total_weight>24.5</total_weight>
  </item>
  <item>
    <name>Half Zip Sports Top (Medium)</name>
    <product_id>032</product_id>
    <note>Custom logo</note>
	<quantity>55</quantity>
    <price>12.30</price>
	<total_weight>18.4</total_weight>
  </item>
  <item>
    <name>Polo Top (Medium)</name>
    <product_id>003</product_id>
	<quantity>55</quantity>
    <price>9.99</price>
	<total_weight>16</total_weight>
  </item>  
</order>